-- Droid Tycoon Tracker schema + seed (run in Supabase SQL editor)
create table if not exists droids (name text primary key, class text, type text);
create table if not exists droid_tiers (droid text references droids(name), tier text, cost bigint, income bigint, value bigint, primary key(droid,tier));
create table if not exists rebirths (cycle int, rb int, credits text, unlock text, droid text, tier text, primary key(cycle,rb,droid,tier));
create table if not exists chip_costs (class text primary key, to_gold int, to_diamond int, to_rainbow int, to_beskar int);
create table if not exists players (sync_code text primary key, data jsonb not null, updated_at timestamptz default now());

insert into droids(name,class,type) values ('MOUSE','Common','Worker'),
('PIT','Common','Worker'),
('GONK','Common','Worker'),
('CB','Common','Astromech'),
('R3','Common','Astromech'),
('R5','Common','Astromech'),
('R8','Common','Astromech'),
('IMPERIAL PROBE','Common','Battle'),
('B1 BATTLE','Common','Battle'),
('DRK-1 PROBE','Common','Battle'),
('ID10','Common','Battle'),
('BDX EXPLORER','Rare','Worker'),
('ARG','Rare','Worker'),
('SENATE HOVERCAM','Rare','Worker'),
('BU-4D','Rare','Worker'),
('BAL-CORE','Rare','Worker'),
('ROLL-R','Rare','Worker'),
('2BB','Rare','Astromech'),
('A-LT','Rare','Astromech'),
('R4','Rare','Astromech'),
('R9','Rare','Astromech'),
('B1 SECURITY','Rare','Battle'),
('NAV-EX','Rare','Battle'),
('VECT-ARM','Rare','Battle'),
('HOV-R','Rare','Battle'),
('GROUNDMECH','Epic','Worker'),
('LO','Epic','Worker'),
('AMP WALKER','Epic','Worker'),
('SEN-TRI','Epic','Worker'),
('OPTI-POD','Epic','Worker'),
('BB','Epic','Astromech'),
('R2','Epic','Astromech'),
('R6','Epic','Astromech'),
('TRAK-R','Epic','Astromech'),
('ORB-WALKER','Epic','Astromech'),
('GUNRUNNER','Epic','Worker'),
('UTIL-TEC','Epic','Astromech'),
('B1 HEAVY','Epic','Battle'),
('B2 SUPER','Epic','Battle'),
('B2 HEAVY','Epic','Battle'),
('STRIKE-ORB','Epic','Battle'),
('HAUL-R','Epic','Battle'),
('LNG-SHOT','Epic','Battle'),
('PROTO-ROLLER','Legendary','Worker'),
('MECHA-DROID','Legendary','Worker'),
('MONO-WLKR','Legendary','Worker'),
('BB9','Legendary','Astromech'),
('R7','Legendary','Astromech'),
('B2-RP','Legendary','Battle'),
('CYCLO-GRAV','Legendary','Battle'),
('OPTI-STRK','Legendary','Battle'),
('SNOW MOUSE','Mythic','Worker'),
('RIC','Mythic','Worker'),
('LOADLIFTER','Mythic','Worker'),
('LEP','Mythic','Worker'),
('RIC-1200','Mythic','Worker'),
('DRFT-R','Mythic','Astromech'),
('CYCLENS','Mythic','Astromech'),
('MO-TRAK','Mythic','Astromech'),
('TRI-TEK','Mythic','Astromech'),
('IG','Mythic','Battle'),
('KX','Mythic','Battle'),
('BB8','Iconic','Astromech'),
('MISTER BONES','Iconic','Battle'),
('IG-11 MARSHAL','Iconic','Battle'),
('DJ-R3X','Iconic','Worker'),
('CB-23','Iconic','Astromech'),
('R2-D2','Iconic','Astromech') on conflict (name) do update set class=excluded.class, type=excluded.type;

insert into droid_tiers(droid,tier,cost,income,value) values ('MOUSE','Base',950,2,665),
('MOUSE','Gold',3800,4,2660),
('MOUSE','Diamond',7600,8,5320),
('MOUSE','Rainbow',11400,16,7980),
('MOUSE','Beskar',15200,24,10640),
('PIT','Base',1100,2,770),
('PIT','Gold',4400,4,3080),
('PIT','Diamond',8800,8,6160),
('PIT','Rainbow',13200,16,9240),
('PIT','Beskar',17600,24,12320),
('GONK','Base',3000,4,2100),
('GONK','Gold',12000,8,8400),
('GONK','Diamond',24000,16,16800),
('GONK','Rainbow',36000,32,25200),
('GONK','Beskar',48000,48,33600),
('CB','Base',2000,3,1400),
('CB','Gold',8000,6,5600),
('CB','Diamond',16000,12,11200),
('CB','Rainbow',24000,24,16800),
('CB','Beskar',32000,36,22400),
('R3','Base',2000,3,1400),
('R3','Gold',8000,6,5600),
('R3','Diamond',16000,12,11200),
('R3','Rainbow',24000,24,16800),
('R3','Beskar',32000,36,22400),
('R5','Base',2000,3,1400),
('R5','Gold',8000,6,5600),
('R5','Diamond',16000,12,11200),
('R5','Rainbow',24000,24,16800),
('R5','Beskar',32000,36,22400),
('R8','Base',3000,4,2100),
('R8','Gold',12000,8,8400),
('R8','Diamond',24000,16,16800),
('R8','Rainbow',36000,32,25200),
('R8','Beskar',48000,48,33600),
('IMPERIAL PROBE','Base',5000,6,3500),
('IMPERIAL PROBE','Gold',20000,12,14000),
('IMPERIAL PROBE','Diamond',40000,24,28000),
('IMPERIAL PROBE','Rainbow',60000,48,42000),
('IMPERIAL PROBE','Beskar',80000,72,56000),
('B1 BATTLE','Base',4000,5,2800),
('B1 BATTLE','Gold',16000,10,11200),
('B1 BATTLE','Diamond',32000,20,22400),
('B1 BATTLE','Rainbow',48000,40,33600),
('B1 BATTLE','Beskar',64000,60,44800),
('DRK-1 PROBE','Base',3000,3,2100),
('DRK-1 PROBE','Gold',12000,6,8400),
('DRK-1 PROBE','Diamond',24000,12,16800),
('DRK-1 PROBE','Rainbow',36000,24,25200),
('DRK-1 PROBE','Beskar',48000,36,33600),
('ID10','Base',4000,4,2800),
('ID10','Gold',16000,8,11200),
('ID10','Diamond',32000,16,22400),
('ID10','Rainbow',48000,32,33600),
('ID10','Beskar',64000,48,44800),
('BDX EXPLORER','Base',25000,15,17500),
('BDX EXPLORER','Gold',100000,30,70000),
('BDX EXPLORER','Diamond',200000,60,140000),
('BDX EXPLORER','Rainbow',300000,120,210000),
('BDX EXPLORER','Beskar',400000,180,280000),
('ARG','Base',88000,42,61600),
('ARG','Gold',352000,84,246400),
('ARG','Diamond',704000,168,492800),
('ARG','Rainbow',1060000,336,739200),
('ARG','Beskar',1410000,504,985600),
('SENATE HOVERCAM','Base',100000,46,70000),
('SENATE HOVERCAM','Gold',400000,92,280000),
('SENATE HOVERCAM','Diamond',800000,184,560000),
('SENATE HOVERCAM','Rainbow',1200000,368,840000),
('SENATE HOVERCAM','Beskar',1600000,552,1120000),
('BU-4D','Base',130000,58,91000),
('BU-4D','Gold',520000,116,364000),
('BU-4D','Diamond',1040000,232,728000),
('BU-4D','Rainbow',1560000,464,1100000),
('BU-4D','Beskar',2080000,696,1450000),
('BAL-CORE','Base',43000,23,30100),
('BAL-CORE','Gold',172000,46,120400),
('BAL-CORE','Diamond',344000,92,240800),
('BAL-CORE','Rainbow',516000,184,361200),
('BAL-CORE','Beskar',688000,276,481600),
('ROLL-R','Base',62000,31,43400),
('ROLL-R','Gold',248000,62,173600),
('ROLL-R','Diamond',496000,124,347200),
('ROLL-R','Rainbow',744000,248,520800),
('ROLL-R','Beskar',992000,372,694400),
('2BB','Base',30000,17,21000),
('2BB','Gold',120000,34,84000),
('2BB','Diamond',240000,68,168000),
('2BB','Rainbow',360000,136,252000),
('2BB','Beskar',480000,204,336000),
('A-LT','Base',74000,36,51800),
('A-LT','Gold',296000,72,207200),
('A-LT','Diamond',592000,144,414400),
('A-LT','Rainbow',885000,288,621600),
('A-LT','Beskar',1180000,432,828800),
('R4','Base',110000,50,77000),
('R4','Gold',440000,100,308000),
('R4','Diamond',880000,200,616000),
('R4','Rainbow',1320000,400,922500),
('R4','Beskar',1760000,600,1230000),
('R9','Base',120000,54,84000),
('R9','Gold',480000,108,336000),
('R9','Diamond',960000,216,672000),
('R9','Rainbow',1440000,432,1000000),
('R9','Beskar',1920000,648,1340000),
('B1 SECURITY','Base',150000,66,105000),
('B1 SECURITY','Gold',600000,132,420000),
('B1 SECURITY','Diamond',1200000,264,840000),
('B1 SECURITY','Rainbow',1800000,528,1260000),
('B1 SECURITY','Beskar',2400000,792,1680000),
('NAV-EX','Base',36000,18,25200),
('NAV-EX','Gold',144000,36,100800),
('NAV-EX','Diamond',288000,72,201600),
('NAV-EX','Rainbow',432000,144,302400),
('NAV-EX','Beskar',576000,216,403200),
('VECT-ARM','Base',52000,27,36400),
('VECT-ARM','Gold',208000,54,145600),
('VECT-ARM','Diamond',416000,108,291200),
('VECT-ARM','Rainbow',624000,216,436800),
('VECT-ARM','Beskar',832000,324,582400),
('HOV-R','Base',140000,62,98000),
('HOV-R','Gold',560000,124,392000),
('HOV-R','Diamond',1120000,248,784000),
('HOV-R','Rainbow',1680000,496,1180000),
('HOV-R','Beskar',2240000,774,1560000),
('GROUNDMECH','Base',900000,120,630000),
('GROUNDMECH','Gold',3600000,240,2520000),
('GROUNDMECH','Diamond',7200000,480,5040000),
('GROUNDMECH','Rainbow',10800000,960,7560000),
('GROUNDMECH','Beskar',112500000,4080,78750000),
('LO','Base',2100000,240,1470000),
('LO','Gold',8400000,480,5880000),
('LO','Diamond',16800000,960,11760000),
('LO','Rainbow',25200000,1920,17640000),
('LO','Beskar',262500000,8160,183750000),
('AMP WALKER','Base',5400000,570,3780000),
('AMP WALKER','Gold',21600000,1140,15120000),
('AMP WALKER','Diamond',43200000,2280,30240000),
('AMP WALKER','Rainbow',64800000,4560,45360000),
('AMP WALKER','Beskar',675000000,19380,472500000),
('SEN-TRI','Base',4800000,510,3360000),
('SEN-TRI','Gold',19200000,1020,13440000),
('SEN-TRI','Diamond',38400000,2040,26880000),
('SEN-TRI','Rainbow',57600000,4080,40320000),
('SEN-TRI','Beskar',600000000,17340,420000000),
('OPTI-POD','Base',3600000,390,2520000),
('OPTI-POD','Gold',14400000,780,10080000),
('OPTI-POD','Diamond',28800000,1560,20160000),
('OPTI-POD','Rainbow',43200000,3120,30240000),
('OPTI-POD','Beskar',450000000,13260,315000000),
('BB','Base',1200000,150,840000),
('BB','Gold',4800000,300,3360000),
('BB','Diamond',9600000,600,6720000),
('BB','Rainbow',14400000,1200,10080000),
('BB','Beskar',150000000,5100,105000000),
('R2','Base',3300000,360,2310000),
('R2','Gold',13200000,720,9240000),
('R2','Diamond',26400000,1440,18480000),
('R2','Rainbow',39600000,2880,27720000),
('R2','Beskar',412500000,12240,288750000),
('R6','Base',2700000,300,1890000),
('R6','Gold',10800000,600,7560000),
('R6','Diamond',21600000,1200,15120000),
('R6','Rainbow',32400000,2400,22680000),
('R6','Beskar',337500000,10200,236250000),
('TRAK-R','Base',3000000,330,2100000),
('TRAK-R','Gold',12000000,660,8400000),
('TRAK-R','Diamond',24000000,1320,16800000),
('TRAK-R','Rainbow',36000000,2640,25200000),
('TRAK-R','Beskar',375000000,11220,262500000),
('ORB-WALKER','Base',1500000,180,1050000),
('ORB-WALKER','Gold',6000000,360,4200000),
('ORB-WALKER','Diamond',12000000,720,8400000),
('ORB-WALKER','Rainbow',18000000,1440,12600000),
('ORB-WALKER','Beskar',187500000,6120,131250000),
('GUNRUNNER','Base',6300000,660,4410000),
('GUNRUNNER','Gold',25200000,1320,17640000),
('GUNRUNNER','Diamond',50400000,2640,35280000),
('GUNRUNNER','Rainbow',75600000,5280,52920000),
('GUNRUNNER','Beskar',787500000,22440,551250000),
('UTIL-TEC','Base',1800000,210,1260000),
('UTIL-TEC','Gold',7200000,420,5040000),
('UTIL-TEC','Diamond',14400000,840,10080000),
('UTIL-TEC','Rainbow',21600000,1680,15120000),
('UTIL-TEC','Beskar',225000000,7140,157500000),
('B1 HEAVY','Base',6000000,630,4200000),
('B1 HEAVY','Gold',24000000,1260,16800000),
('B1 HEAVY','Diamond',48000000,2520,33600000),
('B1 HEAVY','Rainbow',72000000,4800,50400000),
('B1 HEAVY','Beskar',750000000,20400,525000000),
('B2 SUPER','Base',3900000,420,2730000),
('B2 SUPER','Gold',15600000,840,10920000),
('B2 SUPER','Diamond',31200000,1680,21840000),
('B2 SUPER','Rainbow',46800000,3360,32760000),
('B2 SUPER','Beskar',487500000,14280,341250000),
('B2 HEAVY','Base',4500000,480,3150000),
('B2 HEAVY','Gold',18000000,960,12600000),
('B2 HEAVY','Diamond',36000000,1920,25200000),
('B2 HEAVY','Rainbow',54000000,3840,37800000),
('B2 HEAVY','Beskar',562500000,16320,393750000),
('STRIKE-ORB','Base',5100000,540,3570000),
('STRIKE-ORB','Gold',20400000,1080,14280000),
('STRIKE-ORB','Diamond',40800000,2160,28560000),
('STRIKE-ORB','Rainbow',61200000,4320,42840000),
('STRIKE-ORB','Beskar',637500000,18360,446250000),
('HAUL-R','Base',2400000,270,1680000),
('HAUL-R','Gold',9600000,540,6720000),
('HAUL-R','Diamond',19200000,1080,13440000),
('HAUL-R','Rainbow',28800000,2160,20160000),
('HAUL-R','Beskar',300000000,9180,210000000),
('LNG-SHOT','Base',4200000,450,2940000),
('LNG-SHOT','Gold',16800000,900,11760000),
('LNG-SHOT','Diamond',33600000,1800,23520000),
('LNG-SHOT','Rainbow',50400000,3600,35280000),
('LNG-SHOT','Beskar',525000000,15300,367500000),
('PROTO-ROLLER','Base',22000000,972,15400000),
('PROTO-ROLLER','Gold',88000000,1940,61600000),
('PROTO-ROLLER','Diamond',176000000,3890,123200000),
('PROTO-ROLLER','Rainbow',264000000,7780,184800000),
('PROTO-ROLLER','Beskar',8800000000,23330,6160000000),
('MECHA-DROID','Base',29000000,1240,20300000),
('MECHA-DROID','Gold',116000000,2490,81200000),
('MECHA-DROID','Diamond',232000000,4970,162400000),
('MECHA-DROID','Rainbow',348000000,9950,243600000),
('MECHA-DROID','Beskar',11600000000,29860,8120000000),
('MONO-WLKR','Base',37000000,1500,25900000),
('MONO-WLKR','Gold',148000000,3000,103600000),
('MONO-WLKR','Diamond',296000000,6000,207200000),
('MONO-WLKR','Rainbow',444000000,12000,310800000),
('MONO-WLKR','Beskar',14800000000,36000,10360000000),
('BB9','Base',28000000,1300,19600000),
('BB9','Gold',112000000,2600,78400000),
('BB9','Diamond',224000000,5200,156800000),
('BB9','Rainbow',336000000,10400,235200000),
('BB9','Beskar',11200000000,31200,7840000000),
('R7','Base',37000000,1500,25900000),
('R7','Gold',148000000,3000,103600000),
('R7','Diamond',296000000,6000,207200000),
('R7','Rainbow',444000000,12000,310800000),
('R7','Beskar',14800000000,36000,10360000000),
('B2-RP','Base',31000000,1300,21700000),
('B2-RP','Gold',124000000,2600,86800000),
('B2-RP','Diamond',248000000,5210,173600000),
('B2-RP','Rainbow',372000000,10430,260400000),
('B2-RP','Beskar',12400000000,31300,8680000000),
('CYCLO-GRAV','Base',30000000,1260,21000000),
('CYCLO-GRAV','Gold',120000000,2520,84000000),
('CYCLO-GRAV','Diamond',240000000,5040,168000000),
('CYCLO-GRAV','Rainbow',360000000,10080,252000000),
('CYCLO-GRAV','Beskar',12000000000,30240,8400000000),
('OPTI-STRK','Base',37000000,1500,25900000),
('OPTI-STRK','Gold',148000000,3000,103600000),
('OPTI-STRK','Diamond',296000000,6000,207200000),
('OPTI-STRK','Rainbow',444000000,12000,310800000),
('OPTI-STRK','Beskar',14800000000,36000,10360000000),
('SNOW MOUSE','Base',180000000,4400,126000000),
('SNOW MOUSE','Gold',720000000,8800,504000000),
('SNOW MOUSE','Diamond',1420000000,17600,1000000000),
('SNOW MOUSE','Rainbow',4320000000,35200,3020000000),
('SNOW MOUSE','Beskar',144000000000,70400,100800000000),
('RIC','Base',204000000,5100,142800000),
('RIC','Gold',912000000,11600,638400000),
('RIC','Diamond',1630000000,20400,1140000000),
('RIC','Rainbow',4900000000,40800,3430000000),
('RIC','Beskar',163200000000,81600,114240000000),
('LOADLIFTER','Base',300000000,7200,210000000),
('LOADLIFTER','Gold',1200000000,14400,840000000),
('LOADLIFTER','Diamond',2400000000,28800,1680000000),
('LOADLIFTER','Rainbow',7200000000,57600,5040000000),
('LOADLIFTER','Beskar',240000000000,115200,168000000000),
('LEP','Base',252000000,6500,176400000),
('LEP','Gold',1010000000,13000,705600000),
('LEP','Diamond',2020000000,26000,1410000000),
('LEP','Rainbow',6050000000,52000,4230000000),
('LEP','Beskar',201600000000,104000,141120000000),
('RIC-1200','Base',228000000,5800,159600000),
('RIC-1200','Gold',912000000,11600,638400000),
('RIC-1200','Diamond',1810000000,23200,1270000000),
('RIC-1200','Rainbow',5470000000,46400,3820000000),
('RIC-1200','Beskar',182400000000,92800,127680000000),
('DRFT-R','Base',228000000,5800,159600000),
('DRFT-R','Gold',912000000,11600,638400000),
('DRFT-R','Diamond',1810000000,23200,1270000000),
('DRFT-R','Rainbow',5470000000,46400,3820000000),
('DRFT-R','Beskar',182400000000,92800,127680000000),
('CYCLENS','Base',180000000,4400,126000000),
('CYCLENS','Gold',720000000,8800,504000000),
('CYCLENS','Diamond',1420000000,17600,1000000000),
('CYCLENS','Rainbow',4320000000,35200,3020000000),
('CYCLENS','Beskar',144000000000,70400,100800000000),
('MO-TRAK','Base',300000000,7200,210000000),
('MO-TRAK','Gold',1200000000,14400,840000000),
('MO-TRAK','Diamond',2400000000,28800,1680000000),
('MO-TRAK','Rainbow',7200000000,57600,5040000000),
('MO-TRAK','Beskar',240000000000,115200,168000000000),
('TRI-TEK','Base',252000000,6500,176400000),
('TRI-TEK','Gold',1010000000,13000,705600000),
('TRI-TEK','Diamond',2020000000,26000,1410000000),
('TRI-TEK','Rainbow',6050000000,52000,4230000000),
('TRI-TEK','Beskar',201600000000,104000,141120000000),
('IG','Base',342000000,6700,239400000),
('IG','Gold',1370000000,17400,959000000),
('IG','Diamond',2740000000,34800,1910000000),
('IG','Rainbow',5470000000,46400,3820000000),
('IG','Beskar',273600000000,139000,191520000000),
('KX','Base',300000000,7200,210000000),
('KX','Gold',1200000000,14400,840000000),
('KX','Diamond',2400000000,28800,1680000000),
('KX','Rainbow',7200000000,57600,5040000000),
('KX','Beskar',240000000000,115200,168000000000),
('BB8','Base',NULL,NULL,NULL),
('BB8','Gold',NULL,NULL,NULL),
('BB8','Diamond',NULL,NULL,NULL),
('BB8','Rainbow',NULL,NULL,NULL),
('BB8','Beskar',NULL,NULL,NULL),
('MISTER BONES','Base',NULL,NULL,NULL),
('MISTER BONES','Gold',NULL,NULL,NULL),
('MISTER BONES','Diamond',NULL,NULL,NULL),
('MISTER BONES','Rainbow',NULL,NULL,NULL),
('MISTER BONES','Beskar',NULL,NULL,NULL),
('IG-11 MARSHAL','Base',NULL,NULL,NULL),
('IG-11 MARSHAL','Gold',NULL,NULL,NULL),
('IG-11 MARSHAL','Diamond',NULL,NULL,NULL),
('IG-11 MARSHAL','Rainbow',NULL,NULL,NULL),
('IG-11 MARSHAL','Beskar',NULL,NULL,NULL),
('DJ-R3X','Base',NULL,NULL,NULL),
('DJ-R3X','Gold',NULL,NULL,NULL),
('DJ-R3X','Diamond',NULL,NULL,NULL),
('DJ-R3X','Rainbow',NULL,NULL,NULL),
('DJ-R3X','Beskar',NULL,NULL,NULL),
('CB-23','Base',NULL,NULL,NULL),
('CB-23','Gold',NULL,NULL,NULL),
('CB-23','Diamond',NULL,NULL,NULL),
('CB-23','Rainbow',NULL,NULL,NULL),
('CB-23','Beskar',NULL,NULL,NULL),
('R2-D2','Base',NULL,NULL,NULL),
('R2-D2','Gold',NULL,NULL,NULL),
('R2-D2','Diamond',NULL,NULL,NULL),
('R2-D2','Rainbow',NULL,NULL,NULL),
('R2-D2','Beskar',NULL,NULL,NULL) on conflict (droid,tier) do update set cost=excluded.cost, income=excluded.income, value=excluded.value;

insert into rebirths(cycle,rb,credits,unlock,droid,tier) values (1,1,'10K',' Worker Slot','CB','Base'),
(1,1,NULL,NULL,'PIT','Base'),
(1,1,NULL,NULL,'DRK-1 PROBE','Base'),
(1,2,'150K','Astromech Slot','BDX EXPLORER','Base'),
(1,2,NULL,NULL,'2BB','Base'),
(1,2,NULL,NULL,'BAL-CORE','Base'),
(1,3,'975K','Battle Slot','A-LT','Base'),
(1,3,NULL,NULL,'BU-4D','Base'),
(1,3,NULL,NULL,'R9','Gold'),
(1,4,'2.95M','Worker Slot','ARG','Gold'),
(1,4,NULL,NULL,'B1 SECURITY','Gold'),
(1,4,NULL,NULL,'GROUNDMECH','Base'),
(1,5,'5.35M','Astromech Slot','BU-4D','Gold'),
(1,5,NULL,NULL,'HOV-R','Gold'),
(1,5,NULL,NULL,'R9','Diamond'),
(1,6,'9.85M','Battle Slot','A-LT','Diamond'),
(1,6,NULL,NULL,'ARG','Diamond'),
(1,6,NULL,NULL,'GROUNDMECH','Gold'),
(1,7,'14.5M','Worker Slot','BU-4D','Diamond'),
(1,7,NULL,NULL,'B1 SECURITY','Diamond'),
(1,7,NULL,NULL,'BB','Gold'),
(1,8,'36M','Astromech Slot','HOV-R','Diamond'),
(1,8,NULL,NULL,'LO','Gold'),
(1,8,NULL,NULL,'UTIL-TEC','Gold'),
(1,9,'89M','Battle Slot','TRAK-R','Gold'),
(1,9,NULL,NULL,'R6','Gold'),
(1,9,NULL,NULL,'GROUNDMECH','Rainbow'),
(1,10,'220M','Worker Slot','STRIKE-ORB','Gold'),
(1,10,NULL,NULL,'HAUL-R','Rainbow'),
(1,10,NULL,NULL,'LO','Rainbow'),
(1,11,'550M','Astromech Slot','AMP WALKER','Rainbow'),
(1,11,NULL,NULL,'B1 HEAVY','Rainbow'),
(1,11,NULL,NULL,'BB9','Base'),
(1,12,'1.36B','Worker Slot','PROTO-ROLLER','Gold'),
(1,12,NULL,NULL,'MECHA-DROID','Base'),
(1,12,NULL,NULL,'MONO-WLKR','Base'),
(1,13,'3.40B','Astromech Slot','R7','Base'),
(1,13,NULL,NULL,'CYCLO-GRAV','Base'),
(1,13,NULL,NULL,'B2-RP','Base'),
(1,14,'8.45B','Worker Slot','OPTI-STRK','Base'),
(1,14,NULL,NULL,'MONO-WLKR','Gold'),
(1,14,NULL,NULL,'MECHA-DROID','Gold'),
(1,15,'21.00B','Astromech Slot','B2-RP','Gold'),
(1,15,NULL,NULL,'BB9','Gold'),
(1,15,NULL,NULL,'R7','Gold'),
(1,16,'52.00B','Worker Slot','OPTI-STRK','Gold'),
(1,16,NULL,NULL,'MONO-WLKR','Diamond'),
(1,16,NULL,NULL,'PROTO-ROLLER','Diamond'),
(1,17,'130.00B','Lounge Slot','B2-RP','Diamond'),
(1,17,NULL,NULL,'CYCLO-GRAV','Diamond'),
(1,17,NULL,NULL,'MECHA-DROID','Diamond'),
(1,18,'325.00B','Lounge Slot','BB9','Diamond'),
(1,18,NULL,NULL,'R7','Diamond'),
(1,18,NULL,NULL,'MONO-WLKR','Rainbow'),
(1,19,'810.00B','Lounge Slot','B2-RP','Rainbow'),
(1,19,NULL,NULL,'CYCLO-GRAV','Rainbow'),
(1,19,NULL,NULL,'PROTO-ROLLER','Rainbow'),
(1,20,'2.00T','Lounge Slot','R7','Rainbow'),
(1,20,NULL,NULL,'OPTI-STRK','Rainbow'),
(1,20,NULL,NULL,'MECHA-DROID','Rainbow'),
(1,21,'3.00T','None','BB','Beskar'),
(1,21,NULL,NULL,'ORB-WALKER','Beskar'),
(1,21,NULL,NULL,'GROUNDMECH','Beskar'),
(1,22,'4.50T','None','AMP WALKER','Beskar'),
(1,22,NULL,NULL,'B1 HEAVY','Beskar'),
(1,22,NULL,NULL,'PROTO-ROLLER','Beskar'),
(1,23,'6.00T','None','OPTI-STRK','Beskar'),
(1,23,NULL,NULL,'MONO-WLKR','Beskar'),
(1,23,NULL,NULL,'R7','Beskar'),
(1,24,'9.00T',NULL,'BB9','Beskar'),
(1,24,NULL,NULL,'CYCLO-GRAV','Beskar'),
(1,24,NULL,NULL,'MO-TRAK','Base'),
(1,25,'13.50T',NULL,'B2-RP','Beskar'),
(1,25,NULL,NULL,'IG','Base'),
(1,25,NULL,NULL,'DRFT-R','Gold'),
(1,26,'21.00T',NULL,'CYCLENS','Gold'),
(1,26,NULL,NULL,'LOADLIFTER','Diamond'),
(1,26,NULL,NULL,'RIC-1200','Rainbow'),
(1,27,'32.00T',NULL,'KX','Diamond'),
(1,27,NULL,NULL,'TRI-TEK','Rainbow'),
(1,27,NULL,NULL,'SNOW MOUSE','Beskar'),
(2,1,'10K',NULL,'ID10','Base'),
(2,1,NULL,NULL,'MOUSE','Base'),
(2,1,NULL,NULL,'GONK','Base'),
(2,2,'150K',NULL,'ROLL-R','Base'),
(2,2,NULL,NULL,'SENATE HOVERCAM','Base'),
(2,2,NULL,NULL,'NAV-EX','Base'),
(2,3,'975K',NULL,'R4','Base'),
(2,3,NULL,NULL,'VECT-ARM','Base'),
(2,3,NULL,NULL,'BDX EXPLORER','Gold'),
(2,4,'2.95M',NULL,'2BB','Gold'),
(2,4,NULL,NULL,'BAL-CORE','Gold'),
(2,4,NULL,NULL,'ORB-WALKER','Base'),
(2,5,'5.35M',NULL,'R4','Gold'),
(2,5,NULL,NULL,'VECT-ARM','Gold'),
(2,5,NULL,NULL,'NAV-EX','Gold'),
(2,6,'9.85M',NULL,'GUNRUNNER','Base'),
(2,6,NULL,NULL,'2BB','Diamond'),
(2,6,NULL,NULL,'BAL-CORE','Diamond'),
(2,7,'14.5M',NULL,'ROLL-R','Diamond'),
(2,7,NULL,NULL,'BDX EXPLORER','Diamond'),
(2,7,NULL,NULL,'R2','Gold'),
(2,8,'36M',NULL,'R4','Diamond'),
(2,8,NULL,NULL,'B2 SUPER','Gold'),
(2,8,NULL,NULL,'GUNRUNNER','Gold'),
(2,9,'89M',NULL,'NAV-EX','Rainbow'),
(2,9,NULL,NULL,'STRIKE-ORB','Gold'),
(2,9,NULL,NULL,'AMP WALKER','Gold'),
(2,10,'220M',NULL,'VECT-ARM','Rainbow'),
(2,10,NULL,NULL,'R2','Diamond'),
(2,10,NULL,NULL,'B2 SUPER','Diamond'),
(2,11,'550M',NULL,'STRIKE-ORB','Diamond'),
(2,11,NULL,NULL,'B2 HEAVY','Diamond'),
(2,11,NULL,NULL,'BAL-CORE','Rainbow'),
(2,12,'1.36B',NULL,'ORB-WALKER','Rainbow'),
(2,12,NULL,NULL,'R2','Rainbow'),
(2,12,NULL,NULL,'BB-9','Base'),
(2,13,'3.40B',NULL,'B2 SUPER','Rainbow'),
(2,13,NULL,NULL,'MECHA-DROID','Base'),
(2,13,NULL,NULL,'PROTO-ROLLER','Base'),
(2,14,'8.45B',NULL,'B2 HEAVY','Rainbow'),
(2,14,NULL,NULL,'B2-RP','Base'),
(2,14,NULL,NULL,'R7','Gold'),
(2,15,'21.00B',NULL,'STRIKE-ORB','Rainbow'),
(2,15,NULL,NULL,'BB9','Gold'),
(2,15,NULL,NULL,'PROTO-ROLLER','Gold'),
(2,16,'52.00B',NULL,'AMP WALKER','Rainbow'),
(2,16,NULL,NULL,'MECHA-DROID','Gold'),
(2,16,NULL,NULL,'B2-RP','Diamond'),
(2,17,'130.00B',NULL,'OPTI-POD','Rainbow'),
(2,17,NULL,NULL,'MONO-WALKER','Gold'),
(2,17,NULL,NULL,'R7','Diamond'),
(2,18,'325.00B',NULL,'UTIL-TEC','Rainbow'),
(2,18,NULL,NULL,'BB9','Diamond'),
(2,18,NULL,NULL,'PROTO-ROLLER','Diamond'),
(2,19,'810.00B',NULL,'MECHA-DROID','Diamond'),
(2,19,NULL,NULL,'R7','Rainbow'),
(2,19,NULL,NULL,'B2-RP','Rainbow'),
(2,20,'2.00T',NULL,'MONO-WALKER','Rainbow'),
(2,20,NULL,NULL,'OPTI-STRIKE','Rainbow'),
(2,20,NULL,NULL,'CYCLO-GRAV','Rainbow'),
(2,21,'3.00T',NULL,'LO','Beskar'),
(2,21,NULL,NULL,'R6','Beskar'),
(2,21,NULL,NULL,'HAUL-R','Beskar'),
(2,22,'4.50T',NULL,'SEN-TRI','Beskar'),
(2,22,NULL,NULL,'STRIKE-ORB','Beskar'),
(2,22,NULL,NULL,'PROTO-ROLLER','Beskar'),
(2,23,'6.00T',NULL,'BB9','Beskar'),
(2,23,NULL,NULL,'CYCLO-GRAV','Beskar'),
(2,23,NULL,NULL,'B2-RP','Beskar'),
(2,24,'9.00T',NULL,'OPTI-STRK','Beskar'),
(2,24,NULL,NULL,'B2-RP','Beskar'),
(2,24,NULL,NULL,'SNOW MOUSE','Base'),
(2,25,'13.50T',NULL,'MONO-WLKR','Beskar'),
(2,25,NULL,NULL,'TRI-TEK','Gold'),
(2,25,NULL,NULL,'RIC-1200','Base'),
(2,26,'21.00T',NULL,'KX','Gold'),
(2,26,NULL,NULL,'DRFT-R','Diamond'),
(2,26,NULL,NULL,'IG','Rainbow'),
(2,27,'32.00T',NULL,'LEP','Diamond'),
(2,27,NULL,NULL,'LOADLIFTER','Rainbow'),
(2,27,NULL,NULL,'MO-TRAK','Beskar'),
(3,1,'10K',NULL,'MOUSE','Base'),
(3,1,NULL,NULL,'PIT','Base'),
(3,1,NULL,NULL,'GONK','Base'),
(3,2,'150K',NULL,'R3','Base'),
(3,2,NULL,NULL,'2BB','Base'),
(3,2,NULL,NULL,'SENATE HOVERCAM','Base'),
(3,3,'975K',NULL,'R8','Base'),
(3,3,NULL,NULL,'R5','Base'),
(3,3,NULL,NULL,'R4','Base'),
(3,4,'2.95M',NULL,'B1 BATTLE','Gold'),
(3,4,NULL,NULL,'R9','Gold'),
(3,4,NULL,NULL,'B1 SECURITY','Gold'),
(3,5,'5.35M',NULL,'R3','Gold'),
(3,5,NULL,NULL,'2BB','Gold'),
(3,5,NULL,NULL,'SENATE HOVERCAM','Gold'),
(3,6,'9.85M',NULL,'R5','Diamond'),
(3,6,NULL,NULL,'R4','Diamond'),
(3,6,NULL,NULL,'BDX EXPLORER','Diamond'),
(3,7,'14.5M',NULL,'R8','Diamond'),
(3,7,NULL,NULL,'B1 BATTLE','Diamond'),
(3,7,NULL,NULL,'R9','Diamond'),
(3,8,'36M',NULL,'R3','Rainbow'),
(3,8,NULL,NULL,'B1 SECURITY','Rainbow'),
(3,8,NULL,NULL,'2BB','Rainbow'),
(3,9,'89M',NULL,'R5','Rainbow'),
(3,9,NULL,NULL,'R4','Rainbow'),
(3,9,NULL,NULL,'BDX EXPLORER','Rainbow'),
(3,10,'220M',NULL,'SENATE HOVERCAM','Rainbow'),
(3,10,NULL,NULL,'GROUNDMECH','Base'),
(3,10,NULL,NULL,'TRAK-R','Base'),
(3,11,'550M',NULL,'B2 HEAVY','Base'),
(3,11,NULL,NULL,'B2 SUPER','Base'),
(3,11,NULL,NULL,'UTIL-TEC','Base'),
(3,12,'1.36B',NULL,'BAL-CORE','Rainbow'),
(3,12,NULL,NULL,'GROUNDMECH','Gold'),
(3,12,NULL,NULL,'TRAK-R','Gold'),
(3,13,'3.40B',NULL,'B2 SUPER','Rainbow'),
(3,13,NULL,NULL,'MECHA-DROID','Base'),
(3,13,NULL,NULL,'PROTO-ROLLER','Base'),
(3,14,'8.45B',NULL,'B2 HEAVY','Rainbow'),
(3,14,NULL,NULL,'B2-RP','Base'),
(3,14,NULL,NULL,'R7','Gold'),
(3,15,'21.00B',NULL,'STRIKE-ORB','Rainbow'),
(3,15,NULL,NULL,'BB9','Gold'),
(3,15,NULL,NULL,'PROTO-ROLLER','Gold'),
(3,16,'52.00B',NULL,'AMP WALKER','Rainbow'),
(3,16,NULL,NULL,'MECHA-DROID','Gold'),
(3,16,NULL,NULL,'B2-RP','Diamond'),
(3,17,'130.00B',NULL,'OPTI-POD','Rainbow'),
(3,17,NULL,NULL,'MONO-WALKER','Gold'),
(3,17,NULL,NULL,'R7','Diamond'),
(3,18,'325.00B',NULL,'UTIL-TEC','Rainbow'),
(3,18,NULL,NULL,'BB9','Diamond'),
(3,18,NULL,NULL,'PROTO-ROLLER','Diamond'),
(3,19,'810.00B',NULL,'MECHA-DROID','Diamond'),
(3,19,NULL,NULL,'R7','Rainbow'),
(3,19,NULL,NULL,'B2-RP','Rainbow'),
(3,20,'2.00T',NULL,'MONO-WALKR','Rainbow'),
(3,20,NULL,NULL,'OPTI-STRK','Rainbow'),
(3,20,NULL,NULL,'CYCLO-GRAV','Rainbow'),
(3,21,'3.00T',NULL,'B2 SUPER','Beskar'),
(3,21,NULL,NULL,'OPTI-POD','Beskar'),
(3,21,NULL,NULL,'R2','Beskar'),
(3,22,'4.50T',NULL,'GUNRUNNER','Beskar'),
(3,22,NULL,NULL,'LNG-SHOT','Beskar'),
(3,22,NULL,NULL,'B2-RP','Beskar'),
(3,23,'6.00T',NULL,'MONO-WALKR','Beskar'),
(3,23,NULL,NULL,'CYCLO-GRAV','Beskar'),
(3,23,NULL,NULL,'MECHA-DROID','Beskar'),
(3,24,'9.00T',NULL,'BB9','Beskar'),
(3,24,NULL,NULL,'B2-RP','Beskar'),
(3,24,NULL,NULL,'RIC','Base'),
(3,25,'13.50T',NULL,'PROTO-ROLLER','Beskar'),
(3,25,NULL,NULL,'LOADLIFTER','Base'),
(3,25,NULL,NULL,'MO-TRAK','Gold'),
(3,26,'21.00T',NULL,'LEP','Gold'),
(3,26,NULL,NULL,'TRI-TEK','Diamond'),
(3,26,NULL,NULL,'SNOW MOUSE','Rainbow'),
(3,27,'32.00T',NULL,'RIC-1200','Diamond'),
(3,27,NULL,NULL,'IG','Rainbow'),
(3,27,NULL,NULL,'DRFT-R','Beskar'),
(4,1,'10K',NULL,'ID10','Base'),
(4,1,NULL,NULL,'PIT','Base'),
(4,1,NULL,NULL,'DRK-1 PROBE','Base'),
(4,2,'150K',NULL,'R3','Base'),
(4,2,NULL,NULL,'2BB','Base'),
(4,2,NULL,NULL,'SENATE HOVERCAM','Base'),
(4,3,'975K',NULL,'R5','Gold'),
(4,3,NULL,NULL,'R8','Gold'),
(4,3,NULL,NULL,'R4','Base'),
(4,4,'2.95M',NULL,'B1 BATTLE','Gold'),
(4,4,NULL,NULL,'R9','Gold'),
(4,4,NULL,NULL,'B1 SECURITY','Gold'),
(4,5,'5.35M',NULL,'R3','Gold'),
(4,5,NULL,NULL,'2BB','Gold'),
(4,5,NULL,NULL,'SENATE HOVERCAM','Gold'),
(4,6,'9.85M',NULL,'R5','Diamond'),
(4,6,NULL,NULL,'R4','Diamond'),
(4,6,NULL,NULL,'BDX EXPLORER','Diamond'),
(4,7,'14.5M',NULL,'R8','Diamond'),
(4,7,NULL,NULL,'B1 BATTLE','Diamond'),
(4,7,NULL,NULL,'R9','Diamond'),
(4,8,'36M',NULL,'R3','Rainbow'),
(4,8,NULL,NULL,'B1 SECURITY','Rainbow'),
(4,8,NULL,NULL,'2BB','Rainbow'),
(4,9,'89M',NULL,'R5','Rainbow'),
(4,9,NULL,NULL,'R4','Rainbow'),
(4,9,NULL,NULL,'BDX EXPLORER','Rainbow'),
(4,10,'220M',NULL,'SENATE HOVERCAM','Rainbow'),
(4,10,NULL,NULL,'GROUNDMECH','Base'),
(4,10,NULL,NULL,'TRAK-R','Base'),
(4,11,'550M',NULL,'B2 HEAVY','Base'),
(4,11,NULL,NULL,'B2 SUPER','Base'),
(4,11,NULL,NULL,'UTIL-TEC','Base'),
(4,12,'1.36B',NULL,'BAL-CORE','Rainbow'),
(4,12,NULL,NULL,'GROUNDMECH','Gold'),
(4,12,NULL,NULL,'TRAK-R','Gold'),
(4,13,'3.40B',NULL,'B2 SUPER','Rainbow'),
(4,13,NULL,NULL,'MECHA-DROID','Base'),
(4,13,NULL,NULL,'PROTO-ROLLER','Base'),
(4,14,'8.45B',NULL,'BAL-CORE','Diamond'),
(4,14,NULL,NULL,'GROUNDMECH','Diamond'),
(4,14,NULL,NULL,'TRAK-R','Rainbow'),
(4,15,'21.00B',NULL,'B2 HEAVY','Diamond'),
(4,15,NULL,NULL,'B2 SUPER','Rainbow'),
(4,15,NULL,NULL,'B2-RP','Base'),
(4,16,'52.00B',NULL,'UTIL-TEC','Rainbow'),
(4,16,NULL,NULL,'BB9','Base'),
(4,16,NULL,NULL,'R7','Gold'),
(4,17,'130.00B',NULL,'OPTI-STRK','Base'),
(4,17,NULL,NULL,'CYCLO-GRAV','Gold'),
(4,17,NULL,NULL,'MECHA-DROID','Gold'),
(4,18,'325.00B',NULL,'B2-RP','Gold'),
(4,18,NULL,NULL,'BB9','Gold'),
(4,18,NULL,NULL,'R7','Diamond'),
(4,19,'810.00B',NULL,'MECHA-DROID','Diamond'),
(4,19,NULL,NULL,'R7','Rainbow'),
(4,19,NULL,NULL,'B2-RP','Rainbow'),
(4,20,'2.00T',NULL,'MONO-WALKR','Rainbow'),
(4,20,NULL,NULL,'OPTI-STRK','Rainbow'),
(4,20,NULL,NULL,'CYCLO-GRAV','Rainbow'),
(4,21,'3.00T',NULL,'AMP WALKER','Beskar'),
(4,21,NULL,NULL,'GROUNDMECH','Beskar'),
(4,21,NULL,NULL,'HAUL-R','Beskar'),
(4,22,'4.50T',NULL,'GUNRUNNER','Beskar'),
(4,22,NULL,NULL,'STRIKE-ORB','Beskar'),
(4,22,NULL,NULL,'B2 SUPER','Beskar'),
(4,23,'6.00T',NULL,'MONO-WALKR','Beskar'),
(4,23,NULL,NULL,'CYCLO-GRAV','Beskar'),
(4,23,NULL,NULL,'B2-RP','Beskar'),
(4,24,'9.00T',NULL,'MECHA DROID','Beskar'),
(4,24,NULL,NULL,'PROTO-ROLLER','Beskar'),
(4,24,NULL,NULL,'MO-TRAK','Base'),
(4,25,'13.50T',NULL,'OPTI-STRK','Beskar'),
(4,25,NULL,NULL,'TRI-TEK','Base'),
(4,25,NULL,NULL,'DRFT-R','Gold'),
(4,26,'21.00T',NULL,'CYCLENS','Gold'),
(4,26,NULL,NULL,'LEP','Diamond'),
(4,26,NULL,NULL,'MO-TRAK','Rainbow'),
(4,27,'32.00T',NULL,'RIC-1200','Diamond'),
(4,27,NULL,NULL,'SNOW MOUSE','Rainbow'),
(4,27,NULL,NULL,'LOADLIFTER','Beskar') on conflict do nothing;

insert into chip_costs values ('Common',5,25,40,80),('Rare',30,60,100,250),('Epic',120,180,240,5000),('Legendary',400,1200,4000,12000),('Mythic',6000,13000,30000,75000) on conflict (class) do nothing;

-- open RLS so the static page (anon key) can sync by sync_code. sync_code acts as a shared secret.
alter table players enable row level security;
drop policy if exists players_anon on players;
create policy players_anon on players for all to anon using (true) with check (true);
grant select on droids, droid_tiers, rebirths, chip_costs to anon;
grant select, insert, update on players to anon;